sample_id	barcode	linker	species	raider	habitat	age	sex	ind_id	group	description
CR71	AGCTAG	CCCCCTTTGG	africana	Yes	Forest	Adult	Female	CR71	L.africana_Crop_raider_Forest	L.africana_Crop_raider_Forest_Adult_Female
CR11	GATCTG	CCCCCTTTGG	africana	Yes	Savanna	Adult	Female	CR11	L.africana_Crop_raider_Savanna	L.africana_Crop_raider_Savanna_Adult_Female
CR24	TTGACT	CCCCCTTTGG	africana	Yes	Forest	Adult	Female	CR24	L.africana_Crop_raider_Forest	L.africana_Crop_raider_Forest_Adult_Female
CR36	TTTCAC	CCCCCTTTGG	africana	Yes	Forest	SubAdult	Male	CR36	L.africana_Crop_raider_Forest	L.africana_Crop_raider_Forest_SubAdult_Male
CR37	GGACGG	CCCCCTTTGG	africana	Yes	Forest	Adult	Female	CR37	L.africana_Crop_raider_Forest	L.africana_Crop_raider_Forest_Adult_Female
CR38	GCGGAC	CCCCCTTTGG	africana	Yes	Forest	Juvenile	Male	CR38	L.africana_Crop_raider_Forest	L.africana_Crop_raider_Forest_Juvenile_Male
CR4	GCCTAA	CCCCCTTTGG	africana	Yes	Forest	Juvenile	Female	CR4	L.africana_Crop_raider_Forest	L.africana_Crop_raider_Forest_Juvenile_Female
CR45	TGACAT	CCCCCTTTGG	africana	Yes	Forest	SubAdult	Female	CR45	L.africana_Crop_raider_Forest	L.africana_Crop_raider_Forest_SubAdult_Female
CR54	GTAGCC	CCCCCTTTGG	africana	Yes	Savanna	SubAdult	Male	CR54	L.africana_Crop_raider_Savanna	L.africana_Crop_raider_Savanna_SubAdult_Male
CR67	TACAAG	CCCCCTTTGG	africana	Yes	Savanna	SubAdult	Male	CR67	L.africana_Crop_raider_Savanna	L.africana_Crop_raider_Savanna_SubAdult_Male
CR70	GGAACT	CCCCCTTTGG	africana	Yes	Forest	SubAdult	Female	CR70	L.africana_Crop_raider_Forest	L.africana_Crop_raider_Forest_SubAdult_Female
CR75	GGCCAC	CCCCCTTTGG	africana	Yes	Forest	Adult	Male	CR75	L.africana_Crop_raider_Forest	L.africana_Crop_raider_Forest_Adult_Male
CR85	CTCTAC	CCCCCTTTGG	africana	Yes	Forest	Adult	Male	CR85	L.africana_Crop_raider_Forest	L.africana_Crop_raider_Forest_Adult_Male
EN1	AAGCTA	CCCCCTTTGG	africana	No	Savanna	Adult	Male	EN1	L.africana_Savanna	L.africana_Savanna_Adult_Male
EN6	TAGTTG	CCCCCTTTGG	africana	No	Savanna	Adult	Male	EN6	L.africana_Savanna	L.africana_Savanna_Adult_Male
K3	TCGGGA	CCCCCTTTGG	cyclotis	No	Forest	Adult	Female	K3	L.cyclotis_Forest	L.cyclotis_Forest_Adult_Female
M10	CTTCGA	CCCCCTTTGG	cyclotis	No	Forest	Adult	Female	M10	L.cyclotis_Forest	L.cyclotis_Forest_Adult_Female
M33	CGTGAT	CCCCCTTTGG	cyclotis	No	Forest	Adult	Female	M33	L.cyclotis_Forest	L.cyclotis_Forest_Adult_Female
MM12	AGGAAT	CCCCCTTTGG	africana	No	Savanna	SubAdult	Male	MM12	L.africana_Savanna	L.africana_Savanna_SubAdult_Male
MM30	CCACTC	CCCCCTTTGG	africana	No	Savanna	SubAdult	Female	MM30	L.africana_Savanna	L.africana_Savanna_SubAdult_Female
MM35	CACTGT	CCCCCTTTGG	africana	No	Savanna	Adult	Female	MM35	L.africana_Savanna	L.africana_Savanna_Adult_Female
MM47	ATTGGC	CCCCCTTTGG	africana	No	Savanna	Adult	Female	MM47	L.africana_Savanna	L.africana_Savanna_Adult_Female
MM49	CTGATC	CCCCCTTTGG	africana	No	Savanna	Adult	Female	MM49	L.africana_Savanna	L.africana_Savanna_Adult_Female
MM56	CGAAAC	CCCCCTTTGG	africana	No	Savanna	Adult	Male	MM56	L.africana_Savanna	L.africana_Savanna_Adult_Male
MM62	GCTCAT	CCCCCTTTGG	africana	No	Savanna	SubAdult	Female	MM62	L.africana_Savanna	L.africana_Savanna_SubAdult_Female
MM69	CTTTTG	CCCCCTTTGG	africana	No	Savanna	Adult	Male	MM69	L.africana_Savanna	L.africana_Savanna_Adult_Male
MM8	GCTACC	CCCCCTTTGG	africana	No	Savanna	Adult	Male	MM8	L.africana_Savanna	L.africana_Savanna_Adult_Male
MO15	CCGGTG	CCCCCTTTGG	africana	No	Forest	SubAdult	Female	MO15	L.africana_Forest	L.africana_Forest_SubAdult_Female
MO18	ATCGTG	CCCCCTTTGG	africana	No	Forest	SubAdult	Female	MO18	L.africana_Forest	L.africana_Forest_SubAdult_Female
N5	ATTATA	CCCCCTTTGG	cyclotis	No	Forest	Adult	Male	N5	L.cyclotis_Forest	L.cyclotis_Forest_Adult_Male
O1	GAATGA	CCCCCTTTGG	cyclotis	No	Forest	Adult	Male	O1	L.cyclotis_Forest	L.cyclotis_Forest_Adult_Male
O23	CGATTA	CCCCCTTTGG	cyclotis	No	Forest	Adult	Male	O23	L.cyclotis_Forest	L.cyclotis_Forest_Adult_Male
OB158	TGCCGA	CCCCCTTTGG	cyclotis	No	Forest	Adult	Female	OB158	L.cyclotis_Forest	L.cyclotis_Forest_Adult_Female
OB162	GCTGTA	CCCCCTTTGG	cyclotis	No	Forest	Adult	Male	OB162	L.cyclotis_Forest	L.cyclotis_Forest_Adult_Male
OB190	ATCAGT	CCCCCTTTGG	cyclotis	No	Forest	Adult	Male	OB190	L.cyclotis_Forest	L.cyclotis_Forest_Adult_Male
OB203	GTATAG	CCCCCTTTGG	cyclotis	No	Forest	Adult	Female	OB203	L.cyclotis_Forest	L.cyclotis_Forest_Adult_Female
OL1	GCCATG	CCCCCTTTGG	africana	No	Forest	Adult	Female	OL1	L.africana_Forest	L.africana_Forest_Adult_Female
OL12	CGCCTG	CCCCCTTTGG	africana	No	Forest	SubAdult	Male	OL12	L.africana_Forest	L.africana_Forest_SubAdult_Male
OL2	AAAATG	CCCCCTTTGG	africana	No	Forest	SubAdult	Female	OL2	L.africana_Forest	L.africana_Forest_SubAdult_Female
OL4	TGTTGG	CCCCCTTTGG	africana	No	Forest	SubAdult	Male	OL4	L.africana_Forest	L.africana_Forest_SubAdult_Male
OL9	ATTCCG	CCCCCTTTGG	africana	No	Forest	Juvenile	Female	OL9	L.africana_Forest	L.africana_Forest_Juvenile_Female
P7	GTCGTC	CCCCCTTTGG	cyclotis	No	Forest	Adult	Male	P7	L.cyclotis_Forest	L.cyclotis_Forest_Adult_Male
CR3	ACATCG	CCCCCTTTGG	africana	Yes	Forest	Juvenile	Male	CR3	L.africana_Crop_raider_Forest	L.africana_Crop_raider_Forest_Juvenile_Male
CR8	TGGTCA	CCCCCTTTGG	africana	Yes	Forest	Adult	Male	CR8	L.africana_Crop_raider_Forest	L.africana_Crop_raider_Forest_Adult_Male
CR21	TCAAGT	CCCCCTTTGG	africana	Yes	Forest	Adult	Male	CR21	L.africana_Crop_raider_Forest	L.africana_Crop_raider_Forest_Adult_Male
MM70	CGTACG	CCCCCTTTGG	africana	No	Savanna	Adult	Female	MM70	L.africana_Savanna	L.africana_Savanna_Adult_Female
OB182	TGAGTG	CCCCCTTTGG	cyclotis	No	Forest	Adult	Female	OB182	L.cyclotis_Forest	L.cyclotis_Forest_Adult_Female
OB183	TCTGAG	CCCCCTTTGG	cyclotis	No	Forest	Adult	Female	OB183	L.cyclotis_Forest	L.cyclotis_Forest_Adult_Female